"","#wt(ATARiS)","#mut(ATARiS)","pvalue(ATARiS)","is_significant(ATARiS)","wt_median(DEMETER2)","wt_IQR(DEMETER2)","mut_median(DEMETER2)","mut_IQR(DEMETER2)","#wt(CRISPR)","#mut(CRISPR)","pvalue(CRISPR)","is_significant(CRISPR)","intogen_gene_role"
"THEM4",7,3,0.000447272902253935,"yes",-0.0601807293491175,0.192120495591495,-0.242386079067297,0.238779272958075,3,2,0.465299490710803,"no",""
"PTGER4",4,4,0.00185094575719925,"yes",NA,NA,NA,NA,1,2,NA,NA,""
"PRKAA1",6,4,0.00263802210128184,"no",-0.0706277658708088,0.158060409144573,-0.284910406414502,0.1051734975775,3,2,0.770214733216418,"no",""
"HSD17B7",7,2,0.00296536861420877,"no",0.0810276250560205,0.311054714784563,-0.315167397222996,0.205077602619235,4,1,NA,NA,""
"TCHH",3,3,0.00917474552274214,"no",0.0634647378959407,0.0419896651170555,-0.257678887497423,0.176129927023171,0,2,NA,NA,""
"MAPK1",8,2,0.0127116663155801,"no",0.038900490562663,0.105903387478102,-0.0888709337111495,0.0458075898806494,4,1,NA,NA,"CESC_Act,CLL_Act,HC_Act,HNSC_Act"
"SLAMF9",7,2,0.0132184305836166,"no",-0.0939921299309927,0.0920370848355968,-0.138559011348524,0.130931401277238,3,1,NA,NA,""
"MLLT11",6,4,0.0140914741848261,"no",-0.107487759267059,0.328652471494255,-0.171473203822545,0.189003168332154,3,2,0.304944173637687,"no",""
"PMEPA1",8,2,0.0158725385261175,"no",-0.0355328672744663,0.0862304594388905,-0.221426386960175,0.163546828858275,3,2,0.319377034573214,"no",""
"KIRREL",7,2,0.0189827746076012,"no",NA,NA,NA,NA,0,0,NA,NA,""
"SLC1A3",6,4,0.0247682120674277,"no",-0.0253752410472726,0.12507940636851,0.0169373509311062,0.131166300552458,3,2,0.631908182456341,"no",""
"UBAC2",6,3,0.0288255867076906,"no",-0.0774428623289849,0.36682474309434,0.0276614726832527,0.0735464611789152,3,2,0.129144042797895,"no",""
"PMP22",7,2,0.0294951333555294,"no",-0.0406496383567052,0.240657893312982,0.00824814540951699,0.141551215712584,4,1,NA,NA,""
"ALDH3A2",7,2,0.0296548310292481,"no",-0.00113934790156471,0.174403905542214,-0.0734549945603742,0.0499980190333358,3,2,0.414044917906673,"no",""
"RFX5",6,4,0.0330154313953201,"no",-0.100001151586397,0.126143112351541,-0.166329503982696,0.348461922661813,3,2,0.247527303721533,"no",""
"NPAS3",6,2,0.03403682114434,"no",-0.0721368754058545,0.0409909492183586,-0.240944391536715,0.124714365329556,4,1,NA,NA,""
"CABLES2",8,2,0.044908849636835,"no",-0.0224167219145205,0.146106368872918,-0.0657701103752067,0.0190444473064317,3,2,0.796821614271071,"no",""
"NTSR1",7,2,0.0496907966140792,"no",-0.136522190465702,0.190167608559083,-0.188060432017642,0.00573114777966099,3,2,0.588871159580264,"no",""
"HGF",6,2,0.0528500350822072,"no",0.0412532288283388,0.164847800893153,-0.106404240697019,0.0782627389990702,4,1,NA,NA,"BC_Act"
"LIMS3",8,2,0.0556035042725797,"no",NA,NA,NA,NA,0,0,NA,NA,""
"LIMS3L",8,2,0.0556035042725797,"no",NA,NA,NA,NA,0,0,NA,NA,""
"CLDN10",7,2,0.057311172213589,"no",0.0891131556965074,0.197943684892513,0.102142026928686,0.143063234426608,3,1,NA,NA,""
"CA14",7,3,0.0580927684054564,"no",0.0323309240368404,0.253866984304527,-0.145924957825897,0.224875028128189,3,2,0.469026526836634,"no",""
"C6",5,4,0.0607667194724048,"no",0.00199909018913787,0.0818143415866153,-0.00622110356752695,0.23432752917536,3,2,0.584844990850344,"no",""
"AGR2",7,3,0.0617594746319593,"no",0.0537752345235917,0.209858088066408,-0.187608712425264,0.378857540459066,3,2,0.0839286064164987,"no",""
"SLAMF6",8,2,0.0623009956837016,"no",0.0037156889379082,0.188825714444738,-0.0777194089539311,0.0515216096474199,4,1,NA,NA,""
"TCFL5",8,2,0.0697600023410541,"no",-0.0250620224828432,0.127953074586278,-0.253675305997034,0.0880076597154505,3,2,0.785296965184958,"no",""
"DUSP12",8,2,0.0721267843612323,"no",0.0106889982406678,0.171434356110455,0.043184229077546,0.348970489839897,4,1,NA,NA,""
"STK24",7,3,0.0743405703881821,"no",0.166512803990739,0.186732422274931,0.0186777050349497,0.130575572897546,3,2,0.4694873521002,"no",""
"SLC39A1",6,3,0.0749518501269612,"no",0.0128482467674152,0.128079294163319,-0.0557434655763538,0.285238754146744,2,2,0.666223872736565,"no",""
"PXDN",7,2,0.0754374998136574,"no",0.147462919206534,0.208490162991344,0.105504660512985,0.0890851447269204,3,1,NA,NA,""
"GJA5",7,3,0.0760044213732921,"no",-0.136413523953704,0.0835672729835132,-0.0969967544198614,0.15402910439562,3,2,0.570194067329272,"no",""
"DOCK9",7,3,0.078009927380011,"no",0.170359216752611,0.249523137868146,-0.134576701595284,0.194718906557453,3,2,0.217384730190588,"no",""
"ZNF496",8,2,0.0803383517573615,"no",-0.0109684862876655,0.225884620784748,-0.101186701770833,0.0584607303296078,3,2,0.705369641651932,"no",""
"HS3ST3B1",7,2,0.0808663672795695,"no",0.0720694968600696,0.227629738353171,0.0111380750770979,0.0612417865088001,4,1,NA,NA,""
"FARP1",7,3,0.088133342973099,"no",-0.0629133138727324,0.312187489243615,0.143295124089699,0.284293336376983,3,2,0.119542316856827,"no",""
"SREBF1",7,2,0.0886031489900956,"no",0.0213497294501008,0.0863314455971878,-0.102956887702508,0.0358469280192344,3,2,0.298346749784653,"no",""
"TTC24",6,3,0.0893623398003432,"no",0.0593571520053254,0.169934046140339,-0.203275009358497,0.0364535779146695,3,2,0.620858272113704,"no",""
"CDH12",7,3,0.0911615992983765,"no",0.0239387440981771,0.0933013088141486,-0.131040254987964,0.0580421989462299,3,2,0.158353136106837,"no",""
"MYT1",8,2,0.0968636478377003,"no",-0.037742372666401,0.0789551093047276,-0.0238026326725752,0.0963712587431588,3,2,0.922807060735139,"no",""
"CLPTM1L",8,2,0.0970375705099356,"no",-0.0203932932260593,0.241102683145097,0.0749352191030662,0.0221680723867838,4,1,NA,NA,""
"RGS5",8,2,0.098124928531203,"no",-0.133617373401312,0.17456807321972,-0.0115880392327425,0.398084512070961,4,1,NA,NA,""
"TRIO",5,3,0.103197927556171,"no",-0.130328745128052,0.127514564553261,-0.177053063561978,0.129021755797333,1,3,NA,NA,""
"MFAP4",7,2,0.104370908841063,"no",-0.114621667770267,0.0939752430591204,-0.186211437950665,0.0126525601747345,3,2,0.193990146688031,"no",""
"CDH6",6,3,0.107679297613515,"no",0.0661207575254057,0.154825335915098,-0.0208555441841704,0.262930534804525,2,2,0.715808176043193,"no",""
"ADRM1",8,2,0.109253570059226,"no",-0.15913043595172,0.210273113055292,-0.278785952238306,0.0652189205007435,3,2,0.351982398982478,"no",""
"APCDD1L",7,2,0.117410812104095,"no",-0.0423486068442081,0.397356447478449,-0.0050735401116955,0.142809562919931,2,2,0.320404750357402,"no",""
"ASH1L",7,3,0.119841028835858,"no",-0.132785989134529,0.173505949667443,-0.274037540389923,0.245178281730828,3,2,0.485887862268615,"no",""
"OSBPL2",8,2,0.120566277235069,"no",-0.495342788231402,0.417910440372472,-0.575520675879578,0.158501366868627,3,2,0.22123288402739,"no",""
"TSSC1",8,2,0.12368122079536,"no",NA,NA,NA,NA,0,0,NA,NA,""
"CFHR3",4,6,0.12422623984124,"no",-0.0442490036601692,0.0623880106116265,-0.213780793887748,0.258528437379654,3,2,0.635052907997824,"no",""
"PRKAB2",7,3,0.130567983570001,"no",-0.0141190530552786,0.156430723658387,-0.20040671892984,0.084633137799961,3,2,0.390162331318044,"no",""
"ARHGAP5",6,2,0.131562725526078,"no",0.039986977886045,0.395905962674177,-0.111691760948902,0.186519801374618,3,1,NA,NA,"BLCA_LoF,MM_LoF"
"RBM38",8,2,0.133374481324275,"no",-0.0268767230764698,0.0904886520236153,-0.157100853585545,0.107542072986045,3,2,0.391419112104333,"no","DLBCL_ambiguous"
"C20orf151",8,2,0.136969261069943,"no",NA,NA,NA,NA,0,0,NA,NA,""
"IL6R",7,3,0.141488963915091,"no",-0.151958975495055,0.172876230214149,-0.339085224852764,0.1899694972241,3,2,0.417541759321312,"no",""
"SS18L1",8,2,0.147386562671845,"no",0.159764892540603,0.205076926021137,0.008559749002037,0.112978794216659,3,2,0.257990991267208,"no",""
"MCL1",6,4,0.154381912660236,"no",-0.0679468786991606,0.941303763281049,-0.468644683902495,0.701850951613157,3,2,0.42087967011534,"no",""
"RGPD6",8,2,0.155346803966802,"no",NA,NA,NA,NA,0,0,NA,NA,""
"IGSF8",8,2,0.158929428846509,"no",-0.0785122696227119,0.202850735886318,-0.183827747376805,0.108673474928803,4,1,NA,NA,""
"PHF14",8,2,0.159479810476254,"no",0.0420811752968156,0.19662411069075,-0.156835014349551,0.118067188181977,3,2,0.302082833334081,"no",""
"PRCC",7,3,0.162703107699361,"no",0.101434985480929,0.11781992470651,-0.0647975415287006,0.111532289084233,3,2,0.466388010597964,"no",""
"OR2T11",4,5,0.163428517353338,"no",-0.373924283846919,0.386144201825444,-0.459311500156677,0.200302013231184,0,0,NA,NA,""
"OR6F1",7,2,0.167946658699831,"no",0.0609131924053658,0.121635917952768,-0.022548050218411,0.0322494175892232,3,2,0.389676120069025,"no",""
"ARL9",8,2,0.168770530933243,"no",0.0225655229993619,0.144089172015376,-0.10335729550954,0.207596596747164,4,1,NA,NA,""
"KIT",8,2,0.169493193633713,"no",-0.0322583580867835,0.184539364521848,-0.0606978478335811,0.0690259234811919,4,1,NA,NA,"AML_Act,CM_Act,LGG_Act,MGCT_Act,OS_Act,ST_Act"
"SLAMF7",8,2,0.17099875869911,"no",-0.181329698670366,0.224147681090747,-0.00489700957421975,0.0912125454837832,4,1,NA,NA,""
"NLRP3",6,2,0.176703516677178,"no",-0.0263063774475735,0.0954640547378146,0.038889482821123,0.064402699816126,1,2,NA,NA,""
"ANKH",7,3,0.180918365503475,"no",-0.164605741202908,0.19790594895246,-0.186647177119216,0.315641911937128,2,3,0.476655591905228,"no",""
"SPECC1",7,2,0.181215723121029,"no",-0.143774532652926,0.365802805214465,-0.109114595154059,0.177229237456535,3,2,0.20165590104476,"no",""
"DNAH5",7,3,0.181681639000984,"no",0.0453755612184558,0.127963455416763,-0.227386042860975,0.237609835202234,2,3,0.609472905752118,"no",""
"DDX1",7,2,0.188267804337003,"no",0.0238255936552915,0.0860738682363113,-0.17681862981641,0.0384161997813005,3,1,NA,NA,""
"EGLN3",8,2,0.189175232995487,"no",-0.0943170239441902,0.108600382194564,-0.301011174194956,0.370884902245502,4,1,NA,NA,""
"RAB22A",8,2,0.190073134145389,"no",0.0180704826097083,0.296957965845475,0.213381314645536,0.250313079184866,3,2,0.691772104922961,"no",""
"SLC6A3",8,2,0.191488786998023,"no",-0.212301015715697,0.142413035027946,-0.159957161624491,0.00898109253082796,4,1,NA,NA,""
"SHC1",6,4,0.192579237233297,"no",-0.0352285662969282,0.185397849106949,-0.022728536675272,0.227340147445968,3,2,0.643883869796559,"no",""
"NR1I3",8,2,0.193204512350622,"no",0.0129752524705833,0.132769011390376,-0.240407751424279,0.0784049260870225,4,1,NA,NA,""
"PVRL4",8,2,0.195094268349768,"no",NA,NA,NA,NA,0,0,NA,NA,""
"BCAN",7,3,0.196070981238782,"no",-0.0250412304436933,0.208121276681549,-0.0649072094457291,0.157594912282274,3,2,0.602770062991871,"no",""
"ADAM17",8,2,0.197661183317256,"no",-0.212764112965292,0.244366654122363,-0.198190248661768,0.0629158872865995,4,1,NA,NA,""
"SEMA4A",4,4,0.200817131831615,"no",-0.0273750788100374,0.234175812736097,-0.187631724671164,0.236370038562517,1,2,NA,NA,""
"TMTC4",7,3,0.200983211931212,"no",0.00111918288385872,0.196759288225335,-0.0574330600993849,0.155977855023238,3,2,0.230600843027345,"no",""
"DCAF8",8,2,0.201509233263815,"no",-0.0765418747063821,0.0786079724772468,-0.3464800256947,0.18874942065265,4,1,NA,NA,""
"NSFP1",5,5,0.208947763175132,"no",0.314179377483504,0.120823062481579,0.163634979858276,0.274783499250656,0,0,NA,NA,""
"ALDH3A1",7,2,0.214638442220462,"no",-0.177718531182792,0.2043719455786,-0.123896017771268,0.187338714111165,3,2,0.42993015272469,"no",""
"C1orf56",6,4,0.217791634206782,"no",-0.17466826618176,0.221993541949493,-0.104597573347994,0.0878344903715461,3,2,0.620295242308687,"no",""
"CRABP2",7,3,0.21931094518969,"no",-0.138604479877645,0.259932723028452,-0.227243472685436,0.125527823842774,3,2,0.317482707177589,"no",""
"PDGFA",8,2,0.220468959551912,"no",0.0108140193105924,0.164923661687335,0.273411987068419,0.0600941047151835,4,1,NA,NA,""
"CDH4",8,2,0.223919681262107,"no",-0.141439669692497,0.106289959225182,-0.188153320433628,0.0599708724934785,3,2,0.327993561359968,"no",""
"HAPLN2",7,3,0.228017541344333,"no",0.0177926138495859,0.137797288030699,-0.143585510900347,0.144159082442945,3,2,0.539553955158493,"no",""
"OLFML2B",7,2,0.232031537795114,"no",-0.127670983420396,0.254164108695861,-0.399757794345288,0.203594719395337,3,1,NA,NA,""
"ARHGAP30",7,2,0.234931764317351,"no",-0.026342799580355,0.189153392489933,-0.010060918976566,0.147104763307022,3,1,NA,NA,""
"ITLN1",8,2,0.23857711486967,"no",-0.143540400326401,0.350908022533541,-0.0982308332075409,0.177309420516278,4,1,NA,NA,""
"NKX2-8",7,2,0.244939212451091,"no",-0.0323138433750769,0.113410096469947,-0.125674231152894,0.0899587646728739,3,1,NA,NA,""
"SDHA",6,4,0.245615211968121,"no",0.0110895676800238,0.058469026223944,-0.111778380002348,0.111248288201961,2,3,0.511004938584326,"no",""
"IQGAP3",7,3,0.246116405618664,"no",-0.076215869227562,0.0658345479408317,-0.0630749969320508,0.044690129068709,3,2,0.653464939550157,"no",""
"ALKBH5",7,2,0.246305955588605,"no",-0.0664712343102769,0.15076746493283,-0.149460231260075,0.121522927192408,3,2,0.677202140807458,"no",""
"LY9",7,2,0.246903673138456,"no",0.0370005697056147,0.253387561621813,0.0899961271976245,0.218518928166966,4,1,NA,NA,""
"RNF112",7,2,0.248906311024882,"no",0.0134363280620152,0.136096466575717,-0.020346621227698,0.0736712006222247,3,2,0.747745851035875,"no",""
"TWIST1",8,2,0.252470847404553,"no",0.0480779228239972,0.209130422760467,-0.0187719167557283,0.0482257758580798,3,2,0.545738297400932,"no",""
"PEA15",8,2,0.254083925650621,"no",0.124617657797217,0.104342108103924,-0.0720986503146108,0.1075400971735,4,1,NA,NA,""
"OR2B11",8,2,0.255075955919806,"no",-0.0407695034325068,0.219351977307211,-0.161625777402878,0.068117982071436,3,2,0.159411630686879,"no",""
"OR13G1",8,2,0.262555534735755,"no",0.107810610939318,0.0991353859227996,0.0829738649516169,0.0509639658582441,3,2,0.546281047836879,"no",""
"NPR3",6,4,0.264000698909921,"no",0.145365670608048,0.14222657061305,0.174333810597637,0.153965359061403,3,2,0.219542907319404,"no",""
"OR11L1",8,2,0.264158076481375,"no",0.0368187692075091,0.0966601918996118,0.0486441502227922,0.0027678142886208,3,2,0.535035390580415,"no",""
"TDRD10",7,3,0.264443287170888,"no",0.0262307997482845,0.149270149401868,0.0306283787139858,0.132703578444439,3,2,0.303122024376128,"no",""
"MYCN",8,2,0.264753313026321,"no",0.0652967772465444,0.128658101899175,0.159513883680814,0.0316645734753205,4,1,NA,NA,"GBM_Act,MBL_Act,NB_Act,PIA_Act,SBCC_Act,UCEC_Act"
"ID2",8,2,0.268017681337421,"no",-0.0964273615257736,0.207366742590678,-0.139552195681725,0.0588839260999666,4,1,NA,NA,""
"VSIG8",8,2,0.268296381622684,"no",0.0480153876450592,0.252284627250275,-0.0818223989311176,0.0473734795890584,4,1,NA,NA,""
"VPREB1",8,2,0.268631003965053,"no",-0.0591773432073072,0.113150219122572,0.0471455486255208,0.0493777475181825,4,1,NA,NA,""
"PPAT",8,2,0.270474968799982,"no",-0.029987578877468,0.0690260952102627,-0.0366489829319115,0.0544100275224909,4,1,NA,NA,""
"DIDO1",8,2,0.271974083374156,"no",0.0900435046645184,0.356464211461702,-0.0345011955107689,0.0369382175991314,3,2,0.484670382291287,"no",""
"HECTD1",8,2,0.27256359056155,"no",-0.125536579604385,0.301916856365437,-0.0290020753712261,0.096863122182622,4,1,NA,NA,""
"MTMR11",7,3,0.275811472325032,"no",-0.040090342657739,0.293672528800172,-0.284190715171114,0.161847595262654,3,2,0.743354350061192,"no",""
"B9D1",7,2,0.281105918730834,"no",-0.0391664887287617,0.177509325240922,-0.156059610182239,0.0525231307928965,3,2,0.473049504931017,"no",""
"ARNT",5,4,0.286796267681467,"no",0.130784263215619,0.061872219854353,0.13216417650067,0.0367391024748889,3,2,0.255957050173566,"no",""
"UGT3A1",5,4,0.289363121406113,"no",0.0881241828380782,0.0124750013845674,0.0443013601144215,0.127145751942749,2,2,0.431677168393447,"no",""
"UBE2Q1",7,3,0.2910244586834,"no",-0.0841143054089287,0.805699516676217,-0.354226417757173,0.28261515900518,3,2,0.28932997737301,"no",""
"OR2T33",7,2,0.291550039163932,"no",-0.0674280080836853,0.260713627753073,-0.297334934040501,0.182845284967134,2,2,0.443166489186337,"no",""
"NKX2-1",8,2,0.300125050397233,"no",-0.0576368047352332,0.108361992345169,-0.0251328123016134,0.0439330066905557,4,1,NA,NA,"LGG_ambiguous"
"SEMA6C",5,4,0.30336901962604,"no",-0.0379310504656177,0.143404243837002,0.0751353833353279,0.0862585628642825,3,2,0.215678996754899,"no",""
"OR2T29",7,3,0.304856016224353,"no",NA,NA,NA,NA,3,2,0.474433009694889,"no",""
"OR2T5",7,3,0.304856016224353,"no",-0.0928841802058132,0.272798397054173,-0.054023227852068,0.144586931145417,3,2,0.48454444344173,"no",""
"PDGFRA",6,2,0.305066700672394,"no",-0.0357577573003671,0.0675303677994911,-0.126192941327808,0.0421127906605879,2,1,NA,NA,"GBM_Act,HGG_Act,LGG_Act,LUSC_Act,PIA_Act"
"S100A16",7,3,0.30623828381638,"no",0.179642870065639,0.236617447436493,0.080117319617945,0.175134549462223,3,2,0.341739150866753,"no",""
"FOXG1",7,2,0.308126283933583,"no",-0.00763987233521425,0.136747248334017,0.0143826400594545,0.0231826504124912,3,1,NA,NA,""
"PLEKHG4B",6,4,0.310187458840941,"no",-0.114443833954048,0.0358590136081337,-0.18023127645226,0.093323028266419,2,3,0.626555403384957,"no",""
"TRIP13",8,2,0.312784133135434,"no",-0.211964699684561,0.128653159203038,-0.238760872746903,0.117241541425732,4,1,NA,NA,""
"NFASC",8,2,0.313292150843458,"no",0.0330457228994632,0.302796796848104,0.0318095244961679,0.0729510954305521,4,1,NA,NA,""
"OR2W5",8,2,0.313471534124301,"no",-0.0522306521240481,0.479370381816699,0.0395612961434074,0.0143065407326803,0,0,NA,NA,""
"MEF2D",7,3,0.314619473196459,"no",0.00949099622500721,0.143181415317101,0.0261831682158262,0.0424727899992733,3,2,0.523050807950431,"no",""
"CA10",8,2,0.316797887904619,"no",-0.286971823248,0.25216854614118,-0.746444140091216,0.339802563881144,5,0,NA,NA,""
"TRIB2",8,2,0.319611153001453,"no",-0.0667075846534525,0.231822796596684,-0.0964399456456073,0.108292974793165,4,1,NA,NA,""
"VPS72",6,4,0.32189477813445,"no",-0.225730216877112,0.0757028839255003,-0.23177021694385,0.180523779283765,3,2,0.541644319047183,"no",""
"FERD3L",8,2,0.322767507516893,"no",0.0466657075225807,0.261957881435145,0.116161955939124,0.191709327052104,3,2,0.568744436512002,"no",""
"SKP2",5,4,0.326095223370605,"no",-0.593594042287942,0.207780840547731,-1.44914996213169,1.95029534166278,2,2,0.568549787903549,"no",""
"RXFP4",7,3,0.327432077047232,"no",-0.276484198814556,0.394216528712465,-0.0418798406957898,0.225455309658063,3,2,0.560902078159578,"no",""
"SOX11",8,2,0.328416658629691,"no",-0.0353438549164106,0.0865710316413758,-0.180088014402823,0.137165419910561,4,1,NA,NA,""
"GRB14",6,2,0.331868674879779,"no",0.220775974166064,0.40396906903691,0.153303172838068,0.0833063401045697,3,0,NA,NA,""
"S100A2",7,3,0.340114907126053,"no",-0.277212866480474,0.103569528426898,-0.274119682731212,0.0897934698012745,3,2,0.3282618359602,"no",""
"ROCK2",8,2,0.340526379772604,"no",0.168761797190608,0.390942048568094,0.0594354742754195,0.0178953798558378,4,1,NA,NA,""
"IL7R",6,4,0.346826676190763,"no",-0.0724560943658299,0.214089926672639,0.00951093382994013,0.122964650235908,3,2,0.45538920465765,"no","ALL_Act,ESCA_Act,HC_Act"
"ELAC2",7,2,0.34745085899448,"no",-0.220653863676368,0.131786646377602,-0.128672372650656,0.278996602721714,4,1,NA,NA,""
"GPR52",8,2,0.35186301186548,"no",0.0421135751039564,0.35652384781925,0.0580240565643536,0.156095732867686,3,2,0.586941296999595,"no",""
"ATP1A4",7,2,0.352387184183675,"no",0.147411104581423,0.156084552921102,-0.0559257240181836,0.140932182884709,3,1,NA,NA,""
"ITGA10",7,3,0.352663119330945,"no",-0.0803251788474118,0.165500327683113,0.428846037429839,0.196431327903585,3,2,0.416800738921096,"no",""
"SPO11",8,2,0.357920313133206,"no",-0.225261969158854,0.166494573957434,-0.099851763831963,0.0545147883134729,3,2,0.624792773150923,"no",""
"HRH3",8,2,0.358754870670525,"no",-0.237653481284633,0.237910310797641,-0.195231810074887,0.216640030317741,3,2,0.542689105422371,"no",""
"APH1A",7,3,0.36030977266854,"no",-0.00481256098489852,0.0690394573124784,0.110674607652829,0.142718833318147,3,2,0.56687936906188,"no",""
"SLC6A12",8,2,0.360915262128858,"no",-0.0458094445849549,0.114224444652595,0.0134928289723235,0.0292140260366093,4,1,NA,NA,""
"CADM3",7,2,0.362779057157993,"no",0.00394183304863852,0.151573400917559,-0.148596519446837,0.0620473669259047,3,1,NA,NA,""
"BAZ1A",8,2,0.365756754833395,"no",-0.0543814062841708,0.225865826497584,0.00134145845472701,0.143189501787766,4,1,NA,NA,""
"KCNF1",8,2,0.367105492352189,"no",-0.0934002156775436,0.351036044694731,-0.119004002751816,0.0205533387664173,4,1,NA,NA,""
"FCGR2B",8,2,0.369696525546593,"no",-0.0560004479302511,0.045424432828538,-0.152598535149691,0.252276545028677,4,1,NA,NA,""
"PTK6",8,2,0.376416219220048,"no",-0.0492259459445494,0.156881163422968,-0.200157661816317,0.191548866458109,3,2,0.52602819097503,"no",""
"EPN2",7,2,0.376501393362825,"no",-0.291448008288036,0.197033833921528,-0.164227219718624,0.105930224462643,3,2,0.535286536515798,"no",""
"DNAJC5",8,2,0.377873783271369,"no",-0.0924721566120819,0.0482190724411262,-0.0387666163315295,0.258092860127352,3,2,0.568288660468826,"no",""
"CD1E",7,2,0.378336585177624,"no",NA,NA,NA,NA,4,1,NA,NA,""
"UHMK1",7,2,0.380836096056178,"no",0.0494576091275384,0.144596439868553,0.0641046504665721,0.0699867295780459,3,1,NA,NA,""
"OR2T12",8,2,0.381340542342459,"no",-0.0319194730992094,0.249042913803241,0.199254881211454,0.185013546176526,3,2,0.0601047953984456,"no",""
"OR2T8",8,2,0.381340542342459,"no",0.0984695072665319,0.210425084240122,0.20565271103977,0.0775669415316385,3,2,0.510249033434551,"no",""
"G2E3",8,2,0.383544417025351,"no",0.071475511991732,0.155545923894062,0.128327627586508,0.0303912240459449,4,1,NA,NA,""
"LAMA5",5,2,0.386473272246455,"no",-0.214567800483164,0.116649483106413,-0.0486662022508789,0.0751532839692512,1,2,NA,NA,""
"BMP7",8,2,0.386687932547829,"no",-0.0817789277980865,0.238710115234765,-0.221538982827775,0.217124789423035,3,2,0.162344434041203,"no",""
"IGSF9",7,2,0.396181437029677,"no",-0.115869302760486,0.352236524635795,-0.122839899966038,0.179888365338986,4,1,NA,NA,""
"SLAMF8",8,2,0.397138818789369,"no",0.0266692371518456,0.0388013419513243,0.0136530581492658,0.0543754392003947,4,1,NA,NA,""
"FOXO3B",7,2,0.398337566500753,"no",-0.167903612117126,0.226159627400909,0.101987665481982,0.0294403651438174,0,0,NA,NA,""
"CKS1B",5,4,0.408363239171142,"no",-0.0563350493247776,0.426531492425287,-0.346010388064065,0.754485058779114,2,2,0.457681536844241,"no",""
"SPRR1A",6,3,0.410994456158944,"no",-0.160579681248523,0.406316434507837,-0.146671839236475,0.16024956599883,2,2,0.778379329418835,"no",""
"ADAR",7,3,0.413862728564766,"no",-0.306663174611083,0.192543750017699,-0.111323378156352,0.407312460657159,3,2,0.571808339244552,"no",""
"SCCPDH",8,2,0.414163670073269,"no",NA,NA,NA,NA,3,2,0.512222707896701,"no",""
"CSRNP3",8,2,0.41523259197099,"no",-0.0400943411514997,0.187487137554689,0.0152389700265935,0.001606660314423,5,0,NA,NA,""
"SCN7A",8,2,0.415907168253185,"no",NA,NA,NA,NA,5,0,NA,NA,""
"NUDT17",7,3,0.416121383307885,"no",-0.0329006304453663,0.159003923535978,0.0937189811581087,0.270036861263838,3,2,0.534951672398361,"no",""
"FIGN",8,2,0.417075940118254,"no",0.0449960679605426,0.0980583930273036,0.0676657357604616,0.0238124104003262,5,0,NA,NA,""
"OR2T34",7,3,0.41721144492828,"no",NA,NA,NA,NA,3,2,0.506301033629387,"no",""
"KCNJ10",8,2,0.419283843333558,"no",-0.178765647146855,0.228215507547364,-0.401813764570138,0.226033030801009,4,1,NA,NA,""
"OR2T3",6,3,0.429775153568001,"no",NA,NA,NA,NA,2,2,0.731283008533606,"no",""
"FBXW10",7,2,0.438706612839461,"no",-0.0143266186551375,0.144421550966993,0.097889832238501,0.051124156119996,3,2,0.443589401955834,"no",""
"OR1C1",7,2,0.440808659667272,"no",-0.155407685452929,0.29558656158384,-0.0838587061134865,0.272600786566418,2,2,0.540256051215625,"no",""
"OR2T2",7,3,0.443216634427976,"no",-0.161977564391746,0.199877676909365,-0.205755107216521,0.0833252234936195,3,2,0.504200778716578,"no",""
"OR2T35",7,3,0.443216634427976,"no",-0.224314709451854,0.360545610486935,-0.106405902110125,0.30419316925363,3,2,0.34341312083133,"no",""
"S100A11",7,3,0.445259325347633,"no",-0.0948739064425957,0.0651933049808795,-0.203058863685366,0.150405813592345,3,2,0.4483793589261,"no",""
"OR2G3",8,2,0.445529963473797,"no",-0.00172889599382536,0.201842157083786,-0.0839970530337037,0.0937414895108343,3,2,0.325659239704289,"no",""
"CELF3",6,3,0.447591768411597,"no",-0.0617368713628979,0.162900751576517,-0.222750174441867,0.0445261992751105,3,2,0.798587108727428,"no",""
"SLC38A11",8,2,0.462625934509701,"no",-0.0616966147253098,0.360697155473277,0.0619120188394821,0.0295769396997564,5,0,NA,NA,""
"NMU",8,2,0.464990983055388,"no",-0.0949559637297553,0.142234485427749,-0.261087968553292,0.408107014492123,4,1,NA,NA,""
"ATP8B2",7,3,0.466579455936913,"no",-0.189066666339094,0.088044774719753,-0.323358958008789,0.122731287874084,3,2,0.181757317764886,"no",""
"NPBWR2",8,2,0.467944899433623,"no",0.224332251356437,0.0631224035928308,0.037367908382998,0.115356015529556,3,2,0.758962218473915,"no",""
"LAMP5",8,2,0.468247111115906,"no",0.0182103722877963,0.161058153022027,0.184775699976182,0.017210783361513,4,1,NA,NA,""
"SRD5A3",8,2,0.468347852591114,"no",0.0257461671351922,0.121963954840686,-0.023205494658359,0.0274404018678721,4,1,NA,NA,""
"MYC",7,2,0.470529509297454,"no",-0.330027724227707,0.297054014706365,-0.235200504329673,0.02401345673793,3,1,NA,NA,"AML_Act,BLY_Act,LY_Act,NHLY_Act"
"CD84",8,2,0.471673466606859,"no",0.0251561192070207,0.213406224846524,-0.174612479162711,0.144757961171672,4,1,NA,NA,""
"NCSTN",7,2,0.473493689197205,"no",-0.119052625230553,0.0969765299449429,0.0216892285749245,0.163970729942316,4,1,NA,NA,""
"RICTOR",6,4,0.475134090139036,"no",NA,NA,NA,NA,3,2,0.615540416518959,"no",""
"OR2T27",7,2,0.485354154354254,"no",0.116590018220218,0.139459664670258,-0.0238271722834955,0.0823888828020635,2,2,0.468119059465657,"no",""
"GJA8",7,3,0.486795595629132,"no",0.0735682679382138,0.18007224939283,-0.044496847324302,0.131294404876485,3,2,0.312879222282439,"no",""
"NFKBIA",8,2,0.48918640176727,"no",-0.109024027975346,0.18876594657918,-0.0594831835945984,0.0754840305822206,4,1,NA,NA,"DLBCL_LoF,MM_LoF"
"ECM1",6,4,0.492290318163082,"no",0.0563139855823408,0.176045413601238,0.0601502776544559,0.200218295484707,3,2,0.453343248591413,"no",""
"GPR33",8,2,0.494794812764827,"no",0.0768212449100469,0.0919501107181612,0.137902466692318,0.012159260313309,0,0,NA,NA,""
"AKAP10",7,2,0.494863909263625,"no",-0.205651269099443,0.210167748956378,-0.0738635812831027,0.172543185388066,3,2,0.0910221666923607,"no",""
"SH2D1B",8,2,0.498820798224363,"no",-0.0681767658416527,0.249790707772611,-0.0279520471176695,0.358539880411301,4,1,NA,NA,""
"PAIP1",6,4,0.505055239097582,"no",-0.308807403310821,0.159535253261204,-0.127036282020178,0.142541305005626,3,2,0.61957099963775,"no",""
"OR2T1",6,2,0.511927483208073,"no",-0.0541935274621417,0.241661819174231,0.159658905615115,0.0729896263221242,1,2,NA,NA,""
"ZBTB7B",6,4,0.512227064303233,"no",-0.0536624374921719,0.107859771937573,-0.0313087267573944,0.0566271622191153,3,2,0.532230072839466,"no","UCS_Act"
"MYT1L",5,2,0.513781820258714,"no",0.143448383451074,0.061077558610997,0.132054619788267,0.0127896819371505,1,1,NA,NA,""
"LMNA",7,3,0.514667651407821,"no",-0.280907126253578,0.249519015761085,-0.238575722702782,0.0520804740441605,3,2,0.122172812415372,"no",""
"ETV1",7,2,0.517937452819572,"no",0.0563972385838129,0.131621059087142,0.151850761146796,0.124239105468358,3,2,0.583322737965165,"no",""
"COL9A3",7,2,0.518904788832896,"no",-0.159096483479474,0.228746430123697,-0.0822191052804468,0.0734685741622212,2,2,0.637044251589967,"no",""
"NTRK1",7,3,0.51909351295668,"no",0.00616339187460363,0.269011626432164,-0.212220013428834,0.307937439946471,3,2,0.57804777405909,"no","BRCA_Act"
"PKLR",7,3,0.519384517893034,"no",-0.130695342237775,0.152242032869603,-0.236566525882113,0.0344187692974045,3,2,0.246479142954311,"no",""
"BRD9",6,3,0.52028647853296,"no",0.0557315330328345,0.195648410865686,0.00567253860294551,0.0124605701824955,2,2,0.740621578039943,"no",""
"RAI1",6,2,0.52095372299249,"no",-0.0204177154189165,0.113513969323873,0.0516250866335667,0.103832236703984,3,2,0.470115810935374,"no",""
"ARL17A",5,5,0.523575006697423,"no",-0.0787068243264852,0.0839904717954448,-0.0837795685856085,0.185678137032351,0,0,NA,NA,""
"ARL17B",5,5,0.523575006697423,"no",0.24978941957764,0.12790277897927,0.0921763237140742,0.190401439039135,0,0,NA,NA,""
"OR2T4",7,2,0.525123138718469,"no",-0.320200475776767,0.458327416610783,-0.270950117719571,0.12532437241109,2,2,0.227248292861363,"no",""
"UBB",7,2,0.528694085653385,"no",-0.510958683844671,0.578059982734503,-0.486257814570086,0.104997718750007,3,2,0.312540681510637,"no",""
"FCGR2A",6,2,0.531054664012228,"no",0.0717540133046841,0.0976003885536958,-0.0875971557606254,0.0657398704230845,3,1,NA,NA,""
"SPRR2G",7,3,0.546809071553652,"no",-0.0405023664623131,0.143923246993707,-0.136754164350871,0.0504201633154435,3,2,0.342867792489815,"no",""
"MYO10",5,5,0.549928684007216,"no",-0.0123439281408422,0.137170447619319,-0.0413294600199623,0.0845289371714527,2,3,0.282664668431644,"no",""
"CLOCK",8,2,0.550212948738159,"no",-0.0418468940118598,0.0706256433939377,-0.0009124844345232,0.0734144862813285,4,1,NA,NA,""
"KIDINS220",6,2,0.552551186476362,"no",-0.272547725387365,0.159682619776479,-0.307009556052835,0.00791218809757005,3,1,NA,NA,""
"GPR89A",7,3,0.552822556282119,"no",NA,NA,NA,NA,0,0,NA,NA,""
"GPR89B",7,3,0.552822556282119,"no",NA,NA,NA,NA,0,0,NA,NA,""
"GPR89C",7,3,0.552822556282119,"no",NA,NA,NA,NA,0,0,NA,NA,""
"PAX9",8,2,0.559619850802135,"no",-0.191649396048271,0.160406547983358,0.0637486779361002,0.0125303142204172,4,1,NA,NA,""
"UBQLN4",6,3,0.564349735477562,"no",-0.205165942220986,0.155732707089061,-0.292132662473701,0.0536423898445439,2,2,0.506221789555066,"no",""
"LOC646214",7,2,0.564480641548025,"no",0.189080381889953,0.268708710572881,0.128696515646179,0.0495386497580152,0,0,NA,NA,""
"CD244",8,2,0.564493377581937,"no",-0.221191344868774,0.222213751767596,-0.282673088862383,0.0611541710625474,4,1,NA,NA,""
"BRMS1L",8,2,0.564626304450082,"no",-0.221211568625107,0.091404268539987,-0.21009230003287,0.09313574127215,4,1,NA,NA,""
"BIRC7",7,2,0.565052031692658,"no",-0.272624304961183,0.115312735757648,-0.287217987692512,0.279905412306662,3,2,0.591454870747592,"no",""
"MBOAT2",8,2,0.565456925338876,"no",0.0121193448415422,0.214150678484436,0.0070446093327641,0.0909723800914018,4,1,NA,NA,""
"CFH",6,2,0.573211949721378,"no",0.0879025209652342,0.148059886471258,0.207345020335988,0.00559779499637297,2,1,NA,NA,""
"LIFR",6,4,0.573518186615863,"no",-0.127717764566467,0.0938041179165066,-0.00833755505058399,0.423407243227089,3,2,0.776685131139858,"no","SCLC_Act"
"HDGF",7,3,0.574061839775566,"no",-0.103931553791263,0.198630411035587,-0.174979494599318,0.155993738755595,3,2,0.356629029500521,"no",""
"MPP7",8,2,0.574325100073893,"no",-0.0916612406684449,0.112116398508077,-0.0349183183453737,0.015018478698606,4,1,NA,NA,""
"OR14A16",7,2,0.576701058883397,"no",-0.0707753980292016,0.233660463248432,-0.0221460794079515,0.206251473355661,2,2,0.497810768597819,"no",""
"OR2L8",8,2,0.581869870779728,"no",0.0674956682241726,0.14279881278359,0.209151857171624,0.126229844225375,0,0,NA,NA,""
"NCOR1",7,2,0.585475462717927,"no",-0.0930199250172275,0.0728567659793152,0.0549691631795678,0.101817092444307,3,2,0.331372111214865,"no","BLCA_LoF,BRCA_LoF,CH_LoF,DLBCL_LoF,HNSC_LoF,MBL_LoF,MESO_LoF,PRAD_LoF,SCLC_LoF"
"C7",5,4,0.588033678469492,"no",-0.259869554235509,0.300804455075928,-0.194938558499849,0.175976256029917,3,2,0.503444657810029,"no",""
"GATA5",7,2,0.590374097595348,"no",0.034914423761832,0.115164155211813,0.0676459853337375,0.0317845370824369,3,2,0.6377530401113,"no",""
"MAPK7",7,2,0.590429579080253,"no",-0.169047559518071,0.082198588660045,0.024541811507905,0.238887822790255,3,2,0.430634187190553,"no",""
"KDR",8,2,0.591072635969178,"no",-0.0125164884363983,0.275450480165321,0.0267178143568194,0.0381080550388251,4,1,NA,NA,"ANGS_Act,CLL_Act,DLBCL_Act,LUAD_Act,PAIS_Act,SBCC_Act,SSCC_Act"
"TOP3A",6,2,0.596089794261324,"no",0.0526123664501017,0.164455932247035,0.16406399104961,0.061958682562065,2,2,0.529698557163399,"no",""
"SLC12A7",8,2,0.596716943293302,"no",0.005830875062731,0.22444956043133,0.0922829345164077,0.16533179785231,4,1,NA,NA,""
"GSX2",8,2,0.602438260255585,"no",-0.0737342360697414,0.199109807397795,-0.103524640044171,0.0424340940762989,4,1,NA,NA,""
"DUSP23",8,2,0.603170160548788,"no",-0.0352801225856373,0.0706284531911786,-0.0180448098205762,0.0065797060619637,4,1,NA,NA,""
"FCRLA",7,2,0.606163759039742,"no",0.0767348144703069,0.0666573073369338,0.0381923739258467,0.0407100566565108,3,1,NA,NA,""
"SOX9",7,2,0.606932443786214,"no",0.0360258234508651,0.0785147339980405,0.121147984882788,0.0531121109396206,3,1,NA,NA,"COREAD_LoF"
"CHD1L",7,3,0.609163447379423,"no",0.0455673224944501,0.086192385986151,0.054081948200974,0.18910557210649,3,2,0.294006784868868,"no",""
"ATF6",8,2,0.609384148436413,"no",0.0598082392731387,0.0699245934072421,0.179248942569631,0.121354920235905,4,1,NA,NA,""
"ZGPAT",8,2,0.610015335186338,"no",-0.0700227509054274,0.141788354615841,-0.020633082638481,0.149464578029706,3,2,0.401020452880074,"no",""
"SPAG1",8,2,0.610112414598332,"no",-0.244620827757569,0.395956260750752,-0.179489606140797,0.0555730430527695,4,1,NA,NA,""
"KCNQ2",6,2,0.610360335962468,"no",-0.0132824944546693,0.366364423622926,0.138292894003959,0.0139874568168385,2,2,0.647724193811385,"no",""
"ZBTB46",8,2,0.611680887970848,"no",-0.151440752254053,0.251940420879454,-0.124662316527677,0.00139945920218351,3,2,0.536290989458206,"no",""
"FMN2",4,2,0.615080875206316,"no",-0.0784098969218034,0.179212087958444,-0.0500745603494438,0.0376040555393257,2,1,NA,NA,""
"KLF11",8,2,0.616697071676113,"no",0.0584720711872127,0.163931184162115,0.0169697605658523,0.0587515820526563,4,1,NA,NA,""
"RASL11B",8,2,0.616729266683456,"no",-0.0937157913196977,0.234483424971811,-0.00161328325789188,0.00454222295174726,4,1,NA,NA,""
"VANGL2",8,2,0.616761460869925,"no",-0.154711520458612,0.383120525261649,-0.516693166900613,0.0945032994746105,4,1,NA,NA,""
"PMVK",6,4,0.620344671613512,"no",-0.0554628240392509,0.105871709615478,0.0800688242632816,0.0447306280750646,3,2,0.477033079934696,"no",""
"GPR18",7,3,0.640069973507423,"no",0.0837239236319022,0.237078835325084,0.15107113325604,0.0693971210618727,3,2,0.130006638737206,"no",""
"ARHGEF2",7,3,0.644434622954235,"no",-0.155464695799478,0.30282402502787,-0.0928039922957724,0.198516496110043,3,2,0.539888482671558,"no",""
"ZFPM2",7,2,0.648451977770647,"no",-0.0521024725336218,0.272575303262496,-0.140159483602057,0.138715028529825,3,1,NA,NA,""
"SIRPB1",6,4,0.654103219708745,"no",0.14256315713226,0.0583724614789115,0.131348777441715,0.143461378551848,5,0,NA,NA,""
"STRN3",8,2,0.6562221102798,"no",0.0670110617003847,0.114203790500032,0.139524154741471,0.035298897234919,4,1,NA,NA,""
"TDRKH",7,3,0.658995099703339,"no",0.0474316369059162,0.0950433670087377,-0.0393140413183679,0.0760519706599749,3,2,0.377614704111996,"no",""
"HS3ST3A1",6,2,0.661793694975061,"no",0.192136592268731,0.140461799848749,0.230754691720382,0.0426298548430695,4,1,NA,NA,""
"DNAJC3",7,2,0.66404022942454,"no",-0.00555884941557295,0.248870215666616,0.0084442425356941,0.0961834059274709,3,1,NA,NA,""
"SFTA3",8,2,0.66494336606021,"no",0.0727046099610012,0.161813731398494,0.0852496455560268,0.0282112807175691,4,1,NA,NA,""
"SHMT1",7,2,0.668146471752885,"no",0.129702085093483,0.109137407901221,0.0988943074435285,0.0835286755855416,3,2,0.197246577671872,"no",""
"NKAIN4",7,2,0.668414345397993,"no",0.0220215846442076,0.290625062858537,-0.189963055409837,0.086848928607464,2,2,0.5527260351106,"no",""
"OR2G2",7,2,0.671054001471478,"no",NA,NA,NA,NA,2,2,0.561276267849877,"no",""
"FGF10",5,5,0.67178494243312,"no",-0.13905316186245,0.109499888998201,-0.0899381817368573,0.168141805184719,2,3,0.626395265048047,"no",""
"TTC21B",8,2,0.673105809451095,"no",-0.116728272433266,0.350890286623106,0.109631595714276,0.0774178105845202,5,0,NA,NA,""
"CDRT1",7,2,0.675160796277274,"no",0.120039867883914,0.220338951707604,0.029096194450282,0.152227837334467,4,1,NA,NA,""
"NSF",6,4,0.676996247842701,"no",-0.490928683700388,0.0670270079820159,-0.194316041058898,0.140458175549635,3,2,0.497311474526886,"no",""
"MPZ",8,2,0.678034109757341,"no",0.0320184482298818,0.178195822236996,-0.049938270157376,0.002617288270183,4,1,NA,NA,""
"HDAC9",6,2,0.678944690160755,"no",-0.116678973707138,0.184489786545913,0.0723448058799198,0.0081403885052812,2,2,0.517392854975851,"no",""
"KCNH7",7,2,0.679391974447373,"no",0.078267207184897,0.140942461596008,0.0463654394476641,0.0561043709712899,4,0,NA,NA,""
"RORC",7,3,0.680930131137187,"no",-0.259288805792097,0.222940578248451,-0.0614409078748262,0.188379007053204,3,2,0.471037674569482,"no",""
"HCN1",4,5,0.688192915834064,"no",-0.065817590437574,0.30850128153464,0.0428128915877979,0.327846371713828,1,3,NA,NA,""
"ULK2",7,2,0.692326445467541,"no",-0.15803328840357,0.307221221695873,-0.366328481782646,0.0527363242714015,3,2,0.171335358715023,"no",""
"S100A14",7,3,0.696503847336739,"no",-0.00297929773685652,0.160900149352892,-0.0306794441221814,0.142287107506797,3,2,0.535621377543796,"no",""
"CCDC144A",5,2,0.699906743928896,"no",0.231988833471084,0.070710703459385,0.136959594246827,0.0976296388102747,2,2,0.431336742487881,"no",""
"SETDB1",5,4,0.703798366361243,"no",-0.0926278271317193,0.193806029408716,-0.0498761391339552,0.287122945356399,3,2,0.480221484913232,"no","CLL_Act,HC_Act,MESO_Act"
"LLGL1",7,2,0.703873569612098,"no",-0.147125935495106,0.129150684375417,-0.166911934734092,0.0553582146090445,3,2,0.252595904417448,"no",""
"NTSR2",8,2,0.707795764747892,"no",0.0624257951406296,0.216902499435916,0.0242341657942139,0.118552013383431,4,1,NA,NA,""
"FIP1L1",8,2,0.708303074237339,"no",-0.887532181143905,0.31867926894109,-0.599526334285958,0.12148492754902,4,1,NA,NA,""
"SHE",6,3,0.709989507011301,"no",0.0742251316242785,0.288974557316269,0.0567578153648187,0.350757607290129,2,2,0.375820004966085,"no",""
"CCDC144B",6,2,0.710839605332882,"no",-0.25444765498264,0.200629387049011,0.0946489919987362,0.0261387995505158,0,0,NA,NA,""
"OR2G6",5,3,0.713552262745463,"no",-0.135832302242735,0.506249568110897,-0.35385184509747,0.197309603800506,1,2,NA,NA,""
"PPDPF",8,2,0.718564876325405,"no",0.0305345581118496,0.247412038896732,0.0895593545678484,0.110704379537237,3,2,0.399837521442125,"no",""
"PPIL2",8,2,0.726944693782998,"no",-0.155151131136149,0.16554914685013,0.00490373882348405,0.0777387102140671,4,1,NA,NA,""
"SLC39A11",8,2,0.728993084134178,"no",-0.0486573121960099,0.138054495472532,0.111918375690415,0.0403530529461597,4,1,NA,NA,""
"SOX18",8,2,0.729748860824406,"no",-0.0279196520653846,0.286135609216427,0.017893764276022,0.123280897236595,3,2,0.488785094135609,"no",""
"TRIM46",6,4,0.734961034825447,"no",-0.0931274360583761,0.155270545277758,0.0176643692037642,0.121256384038945,3,2,0.462244568009512,"no",""
"OR2L13",8,2,0.735592833003822,"no",-0.0474330753875139,0.132493761562571,0.151190544526656,0.0603795055722073,3,2,0.280003552900616,"no",""
"C1orf204",8,2,0.740182693484159,"no",NA,NA,NA,NA,0,0,NA,NA,""
"F11R",8,2,0.740662854314529,"no",-0.0037311359163752,0.142846533749501,-0.118773909113846,0.0619342585861719,4,1,NA,NA,""
"PYGO2",6,4,0.749618865503189,"no",-0.324216642952362,0.176704874904966,-0.210550622745371,0.351353565956845,3,2,0.398533205008883,"no",""
"CD1D",8,2,0.750968703005863,"no",0.0310486431044601,0.183741589748048,-0.0601542278476075,0.249561862785547,4,1,NA,NA,""
"SLC47A1",7,2,0.754359010181851,"no",-0.0337279530160933,0.099590272463053,-0.158207141940255,0.104613828112341,3,2,0.084085851159844,"no",""
"SPRR1B",7,3,0.755674862769046,"no",-0.0449352519395465,0.171243792123844,0.0431133024283538,0.0935993383073521,3,2,0.502478487022396,"no",""
"AHR",7,2,0.755836859142125,"no",-0.110187453063335,0.103917285344459,0.0240715610460321,0.0431604212300766,2,2,0.505760951869849,"no",""
"FCRL4",8,2,0.757047776644261,"no",-0.0166722318401387,0.202874066881468,-0.179072751986104,0.031789424180569,4,1,NA,NA,""
"OR2W3",8,2,0.761883168168134,"no",-0.125873008189341,0.187581004645117,-0.198565016737573,0.11928765084827,3,2,0.353201170866849,"no",""
"PRLR",6,4,0.764609876161696,"no",-0.160654638697674,0.300196690150892,0.0555008673523189,0.123351261755643,3,2,0.444838248541865,"no",""
"RAB13",7,3,0.766299254132375,"no",-0.138447137272112,0.187255579897338,-0.373458964467872,0.27405493143168,3,2,0.280721658674448,"no",""
"ARHGEF11",7,3,0.76681154278188,"no",-0.0438516007879014,0.240144016703973,0.125568364324177,0.12447298749718,3,2,0.584927241432221,"no",""
"CCDC144C",7,2,0.767351677702716,"no",NA,NA,NA,NA,0,0,NA,NA,""
"MED9",7,2,0.770500211715341,"no",-0.380473901006897,0.484856713831689,-0.233836116797806,0.0660512003186915,3,2,0.479088618423978,"no",""
"COBLL1",8,2,0.775315390604189,"no",-0.168380900792084,0.160408758214445,-0.192902824690662,0.17581291327257,5,0,NA,NA,""
"CREB3L4",7,3,0.775503998556006,"no",-0.0637083871787187,0.32628912900577,-0.0803562409041147,0.330973969245873,3,2,0.240170160465929,"no",""
"SDHC",8,2,0.776932893074346,"no",0.00826475350892461,0.146787154237606,-0.0453796739250875,0.148889029319746,4,1,NA,NA,""
"DROSHA",6,3,0.780286966474801,"no",-0.379267678809127,0.215076255640705,-0.116699627546203,0.148725662593091,2,2,0.35206116360023,"no","LUSC_LoF,WT_LoF"
"MEOX2",6,3,0.783605875539107,"no",-0.0610005801827482,0.0938109201740611,0.195693335986533,0.0567483519927117,3,2,0.335651905728575,"no",""
"FGF14",8,2,0.783880261676019,"no",-0.0542369361653947,0.134523776982818,0.043512265138288,0.000291103518941349,4,1,NA,NA,""
"FCGR2C",8,2,0.787552594001824,"no",-0.0417773668709382,0.131138033725105,0.120863783751344,0.256245206813028,0,0,NA,NA,""
"RASD1",7,2,0.788114736173089,"no",-0.0815002831535063,0.13342074088843,-0.117498192724804,0.0435031327838132,3,2,0.119785965650822,"no",""
"TTC19",6,3,0.792706432744346,"no",0.0038215757200909,0.144433851040661,0.0240249740255097,0.117780697627141,3,2,0.45363545916154,"no",""
"TPP2",8,2,0.793029487397304,"no",-0.113340995047525,0.267446699553547,-0.104017726354614,0.0325676659195118,4,1,NA,NA,""
"CRCT1",7,3,0.793278805703875,"no",-0.238763061277212,0.227166018946261,-0.148749985434647,0.155870769600066,3,2,0.136797884674362,"no",""
"SOX21",7,2,0.793329915755208,"no",-0.0433330827421467,0.0359166028457377,0.0980520779986643,0.0325965256672687,3,1,NA,NA,"PRAD_LoF"
"AHRR",5,4,0.793757343416816,"no",-0.0910664220957221,0.239454902090491,0.0360196008737221,0.0498688314659574,2,3,0.734076569988829,"no",""
"IQSEC3",8,2,0.795854798345257,"no",-0.138580983854315,0.181892558672185,0.033245448543991,0.171656563627945,4,1,NA,NA,""
"UCKL1",7,2,0.801915153048828,"no",-0.12528596674899,0.215940067211404,0.106346017580918,0.0330166818827834,3,2,0.543608292186521,"no",""
"GRAPL",7,2,0.802919831966658,"no",-0.0305087181695911,0.260061590823391,0.163592382864317,0.0208353259652575,0,0,NA,NA,""
"CHRNB2",7,3,0.80864146517054,"no",-0.266926876701992,0.343845199684552,0.0632187411986195,0.144702375075615,3,2,0.0973306419067935,"no",""
"TPM3",7,3,0.809235644563475,"no",-0.126756596875354,0.244745841794222,-0.2480621061934,0.412668563383242,3,2,0.527956492621822,"no",""
"NIM1",6,4,0.809661290990944,"no",NA,NA,NA,NA,0,0,NA,NA,""
"WASH3P",6,4,0.811527867369063,"no",0.115976503395011,0.208673254211439,0.122565327580214,0.0938353104021713,0,0,NA,NA,""
"GRAP",7,2,0.811594242350024,"no",-0.0128222980362576,0.130411805568067,0.113417429893841,0.0977612026676555,0,0,NA,NA,""
"ADORA2B",6,3,0.816572578831011,"no",0.0090773823519659,0.201368673214575,0.139084887251888,0.210055284432218,3,2,0.474097587853934,"no",""
"SLAMF1",7,2,0.819446019852343,"no",-0.0046364910310371,0.0822868032312443,-0.200353412192553,0.157403138884894,3,1,NA,NA,""
"AGXT2",6,4,0.820178629273267,"no",-0.157701274828525,0.122185487354945,-0.0596001245333162,0.154028632808303,3,2,0.518267798307301,"no",""
"RALGAPA1",7,2,0.828606675942847,"no",0.117015319795072,0.389723451547412,0.0132201390065835,0.148448031567641,4,1,NA,NA,""
"SH2D2A",7,3,0.830098015811198,"no",-0.167357174343469,0.205320373320133,-0.365200116865584,0.253041367006895,3,2,0.327189232372847,"no",""
"GREB1",8,2,0.830408128111079,"no",0.0126042121172735,0.0777307796754117,-0.0691857259303532,0.0602345641755928,4,1,NA,NA,""
"OR10J1",7,2,0.833584121035827,"no",-0.0866001934562015,0.172932237186098,0.071983836216399,0.049977859840422,4,1,NA,NA,""
"OR2T10",5,5,0.83530648477809,"no",0.0831850110637485,0.346107360739988,0.103079326792797,0.099066913011942,3,2,0.142690634934607,"no",""
"COPS3",7,2,0.839994035696978,"no",-0.796122645123717,0.444040749201258,-0.44290091715063,0.109550717562435,3,2,0.51327242493422,"no",""
"COL20A1",7,2,0.842263494520668,"no",0.0516871360843477,0.181466753766128,-0.027795660665623,0.14683232328449,3,2,0.811232817667235,"no",""
"PCK1",7,2,0.847220292159187,"no",-0.0106363002700377,0.227943496761393,0.040377938982416,0.180558237608036,2,2,0.356254753614543,"no",""
"RTEL1-TNFRSF6B",8,2,0.847642992845604,"no",NA,NA,NA,NA,0,0,NA,NA,""
"TNFRSF6B",8,2,0.847642992845604,"no",NA,NA,NA,NA,3,2,0.729326282385895,"no",""
"MYO15A",7,2,0.847657925563026,"no",-0.0933186855256751,0.171313370366336,-0.212263533819394,0.0119245764363415,3,2,0.589527682601697,"no",""
"MTMR12",6,4,0.851669245434011,"no",-0.0404966755836643,0.133555920578876,0.222276684686896,0.176812025709348,3,2,0.803023452934449,"no",""
"PRDM9",5,3,0.853232539101277,"no",0.0141943542336149,0.144641359492451,0.0891135023981363,0.0608436508316037,2,2,0.134633632689254,"no",""
"ARL4A",7,3,0.858393844811476,"no",0.148192664100096,0.144815335414677,0.133395498515955,0.0936833359242696,3,2,0.864261176927424,"no",""
"MYOCD",6,2,0.859829466139118,"no",-0.12015709464448,0.1683498274772,0.00820320712018115,0.0317699582375518,3,1,NA,NA,""
"E2F6",8,2,0.860158206526903,"no",0.10177378301068,0.132136363977983,-0.0816193772843681,0.100290604221787,4,1,NA,NA,""
"CHIC2",8,2,0.870775875499836,"no",-0.187193524976562,0.322257160798039,-0.0362734108569395,0.158162432188395,4,1,NA,NA,""
"OR2M4",8,2,0.876062427614681,"no",-0.256824316387781,0.119638284594559,0.0030640685207125,0.124627736360237,3,2,0.30412550621406,"no",""
"ILF2",7,3,0.877412367515749,"no",-0.27635939555304,0.266521721781102,-0.243713703535718,0.304157970094404,3,2,0.534993531668281,"no",""
"VN1R5",8,2,0.877468493418553,"no",0.186880150390751,0.180297017161465,0.0242385792175362,0.0437626117163988,0,0,NA,NA,""
"OR2L2",8,2,0.878720443046819,"no",-0.00145040721819245,0.219104778894152,0.0859832065700877,0.144320068635463,3,2,0.4572691087478,"no",""
"ANKRD33B",8,2,0.88306906742208,"no",-0.00123845621183418,0.155283290790221,0.0273011284050185,0.126612793036677,3,2,0.591659771183978,"no",""
"CD48",8,2,0.886951014253137,"no",-0.0355092087135231,0.204485653917258,0.180422959054709,0.182607136335266,4,1,NA,NA,""
"GRHL1",8,2,0.894505896367626,"no",0.0409824909290963,0.102956931694315,-0.0685165877781537,0.0540787603121733,4,1,NA,NA,""
"BRIX1",6,4,0.898525042238885,"no",-0.189190386883021,0.227547004324052,-0.174889820137227,0.1033439908478,3,2,0.487903263536752,"no",""
"C1QTNF3-AMACR",6,4,0.901949972297993,"no",-0.0390341605944859,0.234448054186895,0.122787977556833,0.35701531993827,0,0,NA,NA,""
"C1QTNF3",6,4,0.901949972297993,"no",0.107738593409821,0.224485630060466,0.187705775292776,0.101786536267864,3,2,0.182531865389175,"no",""
"GNAS",7,2,0.902233070254898,"no",-0.159599753498236,0.0777515351976855,0.0053816600716125,0.121675400407866,3,2,0.717010913541722,"no","ACC_Act,BCNET_Act,BRCA_Act,CH_Act,COREAD_Act,ESCA_Act,HC_Act,MBL_Act,PAAD_Act"
"SLC2A4RG",8,2,0.90641240579784,"no",-0.103452760338351,0.132803405329092,-0.0426571764729837,0.0458285646594294,3,2,0.326538654148428,"no",""
"ATP1A2",6,2,0.907673489098276,"no",-0.0505028816828642,0.151611090172413,-0.035713842847619,0.176661105978517,2,1,NA,NA,""
"FLCN",7,2,0.908042732354484,"no",-0.065947012334751,0.146853012932862,-0.0862031887499503,0.0387725718740757,3,2,0.359553168338182,"no","COREAD_LoF"
"APOA2",8,2,0.913621752392373,"no",-0.180640446250563,0.181443364229904,-0.200096603252516,0.0166329887372545,4,1,NA,NA,""
"CFL2",8,2,0.921665052917859,"no",-0.127333117781617,0.477219428738797,-0.0337973884415425,0.112716426721134,4,1,NA,NA,""
"DCT",5,2,0.92449794409222,"no",-0.433585581879608,0.139478880758052,-0.148541931768408,0.10208542725337,1,1,NA,NA,""
"IVL",6,3,0.926732438927169,"no",0.0679637797645249,0.0995707309567978,0.266398958643657,0.278671533540775,3,2,0.550328216591465,"no",""
"REST",8,2,0.927181091651166,"no",-0.0671158596962325,0.218730451751462,-0.127815735009994,0.102205766637,4,1,NA,NA,""
"USF1",7,2,0.92912940099885,"no",-0.0656007598108854,0.217051357175671,-0.12706152106771,0.0319461947786486,4,1,NA,NA,""
"FCGR3A",8,2,0.930027507570779,"no",-0.124334723453916,0.192640923527857,-0.12795024375961,0.31016557636965,4,1,NA,NA,""
"FCGR3B",8,2,0.930027507570779,"no",0.14982065096685,0.239449010576603,0.101248710561834,0.261796727841945,4,1,NA,NA,""
"RRM2",8,2,0.933645942266029,"no",-0.695857078882884,0.475880335736874,-0.497668881838904,0.369656231030801,4,1,NA,NA,""
"SLC47A2",6,2,0.933719725720766,"no",0.0296092703406474,0.0905199414749759,0.139392349410094,0.0834871011626937,2,2,0.571158130135364,"no",""
"COCH",7,2,0.935947597873818,"no",-0.142261779808398,0.151114392182003,0.157654002148419,0.136247173894999,3,1,NA,NA,""
"C17orf80",8,2,0.942511154032971,"no",-0.0417098769796697,0.17852525410377,0.0108297053588587,0.00955168341656288,4,1,NA,NA,""
"ASAP2",7,2,0.944200401706583,"no",0.0930402362672334,0.203304321944542,0.101597503572289,0.259779401917539,3,1,NA,NA,""
"ITGB8",8,2,0.946213357230661,"no",-0.180172564050179,0.234443493775951,0.0939396817178025,0.195686166005802,4,1,NA,NA,""
"NNT",4,4,0.94771491257971,"no",-0.123502568879923,0.345242634514229,0.102837708608039,0.19898960211971,2,2,0.296025455674147,"no",""
"SRMS",8,2,0.949561519793096,"no",0.0211163057941218,0.196642411281382,0.0221935336435774,0.120953987182061,3,2,0.835934416535235,"no",""
"AHCTF1",8,2,0.955018973682682,"no",-1.09964229589895,0.249334283373896,-0.563967758994727,0.0578444752199465,3,2,0.549619257316739,"no",""
"SF3B4",7,3,0.957818279865916,"no",-0.950885853299895,0.173906916189308,-0.829007139064652,0.142316116861321,3,2,0.499705940494996,"no",""
"MUC1",6,4,0.959971013946225,"no",-0.054044094812163,0.17624117592256,0.102699873778528,0.270515427449352,3,2,0.460362410529398,"no",""
"PRPF6",8,2,0.963382521994712,"no",-1.03600731786427,0.55279472927155,-0.270807024719158,0.13842493020581,3,2,0.511508855221129,"no",""
"ZNF131",6,4,0.963652520733613,"no",-0.174930716138228,0.280929210060333,0.00992990912480805,0.135502095080641,3,2,0.570525289363183,"no",""
"S100A9",7,3,0.966312290263887,"no",0.0156738149010974,0.32821371770591,0.112872478797473,0.0986417254353442,3,2,0.347004192705437,"no",""
"DGKB",7,3,0.970635342040949,"no",-0.125529543513294,0.277950204371319,0.106130959114845,0.223966682570222,3,2,0.70492913100099,"no",""
"NPR1",4,3,0.975594952792854,"no",0.00992910175444655,0.242568268502588,0.0189868270091875,0.0497890540159049,2,2,0.444078740659254,"no",""
"WDR70",6,4,0.978413265451234,"no",-0.670341333214384,0.417411178218127,-0.370624347637725,0.203418794663556,3,2,0.521498732933575,"no",""
"UBE2L3",8,2,0.98311280931268,"no",-0.223913221405938,0.608501652323062,0.309284353653191,0.123726401034993,4,1,NA,NA,""
"SLC6A19",8,2,0.983160499616935,"no",-0.0208405054362698,0.172718742971611,-0.0157652223051865,0.110335192808759,4,1,NA,NA,""
"TERT",7,2,0.987214923470315,"no",-0.0378938522231738,0.216325702144202,0.227532659348476,0.0267740690052665,4,1,NA,NA,""
"RAE1",8,2,0.988922013318305,"no",-0.967257800650873,0.351439394063964,-0.378638004348454,0.0675711644178525,3,2,0.487525352627228,"no",""
"RAB25",7,3,0.993990810780284,"no",-0.0887205735864871,0.178221381277703,0.0725341485523401,0.109510577105539,3,2,0.317596242286891,"no",""
"ARFRP1",8,2,0.994707498631231,"no",-0.169124195530796,0.363594055101774,0.121334430636434,0.153476255924356,3,2,0.520282030027374,"no",""
"LIME1",7,2,0.99602838790032,"no",-0.335203594536196,0.529951786671392,-0.030507691330426,0.296057197209113,3,2,0.699325113143823,"no",""
"VAPB",8,2,0.997901211061794,"no",-0.145240163723239,0.191304782074501,-0.0883242191634488,0.0162504741651232,3,2,0.176896063186406,"no",""
"CNST",8,2,0.999598599457604,"no",-0.14057538854991,0.180443347659129,0.0327125878954382,0.0023567046783621,3,2,0.477158913524196,"no",""
